{
  "oh-yeah": [
    { "name": "Coca-Cola", "price": 32, "currency": "CZK", "image": "images/cola.png", "category": "non-alcoholic" },
    { "name": "Sprite", "price": 32, "currency": "CZK", "image": "images/sprite.png", "category": "non-alcoholic" },
    { "name": "Fanta", "price": 32, "currency": "CZK", "image": "images/fanta.png", "category": "non-alcoholic" },
    { "name": "Red Bull", "price": 59, "currency": "CZK", "image": "images/redbull.png", "category": "non-alcoholic" },
    
    { "name": "Malibu", "price": 99, "currency": "CZK", "image": "images/malibu.png", "category": "alcoholic" },
    { "name": "Jack's Cola", "price": 99, "currency": "CZK", "image": "images/jack.png", "category": "alcoholic" },
    { "name": "Moscow Mule", "price": 99, "currency": "CZK", "image": "images/moscow.png", "category": "alcoholic" },
    { "name": "Gin Tonic", "price": 99, "currency": "CZK", "image": "images/gin.png", "category": "alcoholic" },
    { "name": "Mojito", "price": 99, "currency": "CZK", "image": "images/mojito.png", "category": "alcoholic" },
    { "name": "Prosecco", "price": 390, "currency": "CZK", "image": "images/prosecco.png", "category": "alcoholic" },
    
    { "name": "Budvar", "price": 59, "currency": "CZK", "image": "images/budvar.png", "category": "beer" },
    { "name": "Sud 30 litrů", "price": 125, "currency": "EUR", "image": "images/keg.png", "category": "beer" },
    { "name": "Sud 50 litrů", "price": 175, "currency": "EUR", "image": "images/pivo50.png", "category": "beer" },
    { "name": "Budvar plechovka", "price": 59, "currency": "CZK", "image": "images/budvar.png", "category": "beer" },
    
    { "name": "Wellness balíček", "price": 0, "currency": "EUR", "image": "images/wellness.png", "category": "relax", "customPrice": true },
    { "name": "Grily", "price": 20, "currency": "EUR", "image": "images/grill.png", "category": "relax" },
    { "name": "Plyny do ohňových stolů", "price": 12, "currency": "EUR", "image": "images/Plyn.png", "category": "relax" }
  ],
  "amazing-pool": [
    { "name": "Coca-Cola", "price": 35, "currency": "CZK", "image": "images/cola.png", "category": "non-alcoholic" },
    { "name": "Sprite", "price": 35, "currency": "CZK", "image": "images/sprite.png", "category": "non-alcoholic" },
    { "name": "Fanta", "price": 35, "currency": "CZK", "image": "images/fanta.png", "category": "non-alcoholic" },
    { "name": "Red Bull", "price": 65, "currency": "CZK", "image": "images/redbull.png", "category": "non-alcoholic" },
    
    { "name": "Malibu", "price": 110, "currency": "CZK", "image": "images/malibu.png", "category": "alcoholic" },
    { "name": "Jack's Cola", "price": 110, "currency": "CZK", "image": "images/jack.png", "category": "alcoholic" },
    { "name": "Moscow Mule", "price": 110, "currency": "CZK", "image": "images/moscow.png", "category": "alcoholic" },
    { "name": "Gin Tonic", "price": 110, "currency": "CZK", "image": "images/gin.png", "category": "alcoholic" },
    { "name": "Mojito", "price": 110, "currency": "CZK", "image": "images/mojito.png", "category": "alcoholic" },
    { "name": "Prosecco", "price": 420, "currency": "CZK", "image": "images/prosecco.png", "category": "alcoholic" },
    
    { "name": "Budvar", "price": 65, "currency": "CZK", "image": "images/budvar.png", "category": "beer" },
    { "name": "Sud 30 litrů", "price": 135, "currency": "EUR", "image": "images/keg.png", "category": "beer" },
    { "name": "Sud 50 litrů", "price": 185, "currency": "EUR", "image": "images/pivo50.png", "category": "beer" },
    { "name": "Budvar plechovka", "price": 65, "currency": "CZK", "image": "images/budvar.png", "category": "beer" },
    
    { "name": "Wellness balíček", "price": 0, "currency": "EUR", "image": "images/wellness.png", "category": "relax", "customPrice": true },
    { "name": "Grily", "price": 25, "currency": "EUR", "image": "images/grill.png", "category": "relax" },
    { "name": "Plyny do ohňových stolů", "price": 15, "currency": "EUR", "image": "images/Plyn.png", "category": "relax" }
  ],
  "little-castle": [
    { "name": "Coca-Cola", "price": 30, "currency": "CZK", "image": "images/cola.png", "category": "non-alcoholic" },
    { "name": "Sprite", "price": 30, "currency": "CZK", "image": "images/sprite.png", "category": "non-alcoholic" },
    { "name": "Fanta", "price": 30, "currency": "CZK", "image": "images/fanta.png", "category": "non-alcoholic" },
    { "name": "Red Bull", "price": 55, "currency": "CZK", "image": "images/redbull.png", "category": "non-alcoholic" },
    
    { "name": "Malibu", "price": 95, "currency": "CZK", "image": "images/malibu.png", "category": "alcoholic" },
    { "name": "Jack's Cola", "price": 95, "currency": "CZK", "image": "images/jack.png", "category": "alcoholic" },
    { "name": "Moscow Mule", "price": 95, "currency": "CZK", "image": "images/moscow.png", "category": "alcoholic" },
    { "name": "Gin Tonic", "price": 95, "currency": "CZK", "image": "images/gin.png", "category": "alcoholic" },
    { "name": "Mojito", "price": 95, "currency": "CZK", "image": "images/mojito.png", "category": "alcoholic" },
    { "name": "Prosecco", "price": 380, "currency": "CZK", "image": "images/prosecco.png", "category": "alcoholic" },
    
    { "name": "Budvar", "price": 55, "currency": "CZK", "image": "images/budvar.png", "category": "beer" },
    { "name": "Sud 30 litrů", "price": 120, "currency": "EUR", "image": "images/keg.png", "category": "beer" },
    { "name": "Sud 50 litrů", "price": 170, "currency": "EUR", "image": "images/pivo50.png", "category": "beer" },
    { "name": "Budvar plechovka", "price": 55, "currency": "CZK", "image": "images/budvar.png", "category": "beer" },
    
    { "name": "Wellness balíček", "price": 0, "currency": "EUR", "image": "images/wellness.png", "category": "relax", "customPrice": true },
    { "name": "Grily", "price": 18, "currency": "EUR", "image": "images/grill.png", "category": "relax" },
    { "name": "Plyny do ohňových stolů", "price": 10, "currency": "EUR", "image": "images/Plyn.png", "category": "relax" }
  ]
}
